Fecha;Último;puntos;calificacion
17-11-2023;36411,0;63;Greed
16-11-2023;36161,2;70;Greed
15-11-2023;37874,9;60;Greed
14-11-2023;35549,3;69;Greed
13-11-2023;36478,3;72;Greed
12-11-2023;37064,4;73;Greed
11-11-2023;37150,5;70;Greed
10-11-2023;37303,0;70;Greed
09-11-2023;36700,5;69;Greed
08-11-2023;35636,9;66;Greed
07-11-2023;35426,1;68;Greed
06-11-2023;35042,0;74;Greed
05-11-2023;35019,4;70;Greed
04-11-2023;35065,8;68;Greed
03-11-2023;34718,7;65;Greed
02-11-2023;34931,4;72;Greed
01-11-2023;35423,8;66;Greed
31-10-2023;34650,6;66;Greed
30-10-2023;34477,9;68;Greed
29-10-2023;34526,7;72;Greed
28-10-2023;34082,6;65;Greed
27-10-2023;33901,8;70;Greed
26-10-2023;34153,7;71;Greed
25-10-2023;34496,8;72;Greed
24-10-2023;33917,0;66;Greed
23-10-2023;33041,8;53;Neutral
22-10-2023;29984,2;53;Neutral
21-10-2023;29912,9;63;Greed
20-10-2023;29674,5;53;Neutral
19-10-2023;28723,0;52;Neutral
18-10-2023;28321,7;50;Neutral
17-10-2023;28403,6;52;Neutral
16-10-2023;28509,7;47;Neutral
15-10-2023;27161,2;45;Fear
14-10-2023;26852,8;47;Neutral
13-10-2023;26863,5;44;Fear
12-10-2023;26761,1;45;Fear
11-10-2023;26876,6;47;Neutral
10-10-2023;27391,0;50;Neutral
09-10-2023;27581,4;50;Neutral
08-10-2023;27922,7;50;Neutral
07-10-2023;27961,1;49;Neutral
06-10-2023;27936,9;50;Neutral
05-10-2023;27410,3;48;Neutral
04-10-2023;27790,9;49;Neutral
03-10-2023;27428,4;50;Neutral
02-10-2023;27505,3;50;Neutral
01-10-2023;27974,5;48;Neutral
30-09-2023;26962,7;47;Neutral
29-09-2023;26909,8;48;Neutral
28-09-2023;27022,6;46;Fear
27-09-2023;26366,1;44;Fear
26-09-2023;26218,9;46;Fear
25-09-2023;26302,7;47;Neutral
24-09-2023;26251,5;44;Fear
23-09-2023;26579,2;47;Neutral
22-09-2023;26581,9;43;Fear
21-09-2023;26570,0;47;Neutral
20-09-2023;27125,0;47;Neutral
19-09-2023;27209,2;46;Fear
18-09-2023;26763,5;46;Fear
17-09-2023;26529,1;46;Fear
16-09-2023;26562,0;43;Fear
15-09-2023;26601,0;45;Fear
14-09-2023;26524,7;45;Fear
13-09-2023;26223,0;41;Fear
12-09-2023;25834,5;30;Fear
11-09-2023;25166,4;40;Fear
10-09-2023;25840,2;40;Fear
09-09-2023;25901,1;41;Fear
08-09-2023;25909,5;46;Fear
07-09-2023;26249,8;41;Fear
06-09-2023;25758,0;42;Fear
05-09-2023;25790,2;40;Fear
04-09-2023;25823,3;40;Fear
03-09-2023;25971,0;40;Fear
02-09-2023;25869,7;39;Fear
01-09-2023;25803,2;40;Fear
31-08-2023;25937,3;52;Neutral
30-08-2023;27298,8;49;Neutral
29-08-2023;27723,9;39;Fear
28-08-2023;26118,9;39;Fear
27-08-2023;26100,6;38;Fear
26-08-2023;26017,1;38;Fear
25-08-2023;26057,2;39;Fear
24-08-2023;26177,0;41;Fear
23-08-2023;26436,2;37;Fear
22-08-2023;26039,9;37;Fear
21-08-2023;26126,0;38;Fear
20-08-2023;26190,8;37;Fear
19-08-2023;26099,4;39;Fear
18-08-2023;26053,2;37;Fear
17-08-2023;26635,7;50;Neutral
16-08-2023;28726,3;52;Neutral
15-08-2023;29195,3;53;Neutral
14-08-2023;29426,7;50;Neutral
13-08-2023;29300,1;54;Neutral
12-08-2023;29428,2;54;Neutral
11-08-2023;29420,8;51;Neutral
10-08-2023;29449,0;53;Neutral
09-08-2023;29578,0;50;Neutral
08-08-2023;29777,4;54;Neutral
07-08-2023;29204,2;49;Neutral
06-08-2023;29081,3;49;Neutral
05-08-2023;29068,1;50;Neutral
04-08-2023;29105,5;54;Neutral
03-08-2023;29189,3;52;Neutral
02-08-2023;29173,7;53;Neutral
01-08-2023;29712,2;53;Neutral
31-07-2023;29232,4;50;Neutral
30-07-2023;29281,7;52;Neutral
29-07-2023;29353,5;52;Neutral
28-07-2023;29315,0;52;Neutral
27-07-2023;29222,7;51;Neutral
26-07-2023;29352,2;51;Neutral
25-07-2023;29228,6;50;Neutral
24-07-2023;29178,1;55;Greed
23-07-2023;30085,9;54;Neutral
22-07-2023;29788,9;52;Neutral
21-07-2023;29903,1;50;Neutral
20-07-2023;29801,0;56;Greed
19-07-2023;29909,7;50;Neutral
18-07-2023;29866,8;56;Greed
17-07-2023;30139,7;54;Neutral
16-07-2023;30235,5;57;Greed
15-07-2023;30291,4;56;Greed
14-07-2023;30317,4;60;Greed
13-07-2023;31466,1;57;Greed
12-07-2023;30387,3;64;Greed
11-07-2023;30623,3;57;Greed
10-07-2023;30415,3;56;Greed
09-07-2023;30166,9;55;Greed
08-07-2023;30288,8;58;Greed
07-07-2023;30346,4;55;Greed
06-07-2023;29913,1;56;Greed
05-07-2023;30512,8;61;Greed
04-07-2023;30768,4;64;Greed
03-07-2023;31151,3;62;Greed
02-07-2023;30617,7;63;Greed
01-07-2023;30586,8;59;Greed
30-06-2023;30472,9;56;Greed
29-06-2023;30445,7;54;Neutral
28-06-2023;30078,6;62;Greed
27-06-2023;30689,1;59;Greed
26-06-2023;30267,0;55;Greed
25-06-2023;30465,3;64;Greed
24-06-2023;30533,6;62;Greed
23-06-2023;30679,4;65;Greed
22-06-2023;29890,5;65;Greed
21-06-2023;29996,9;59;Greed
20-06-2023;28307,7;49;Neutral
19-06-2023;26845,9;47;Neutral
18-06-2023;26339,7;49;Neutral
17-06-2023;26515,0;47;Neutral
16-06-2023;26341,3;47;Neutral
15-06-2023;25591,3;41;Fear
14-06-2023;25129,5;46;Fear
13-06-2023;25929,4;45;Fear
12-06-2023;25906,8;47;Neutral
11-06-2023;25928,4;47;Neutral
10-06-2023;25844,0;49;Neutral
09-06-2023;26479,3;50;Neutral
08-06-2023;26501,1;50;Neutral
07-06-2023;26342,5;53;Neutral
06-06-2023;27230,2;44;Fear
05-06-2023;25747,4;53;Neutral
04-06-2023;27122,3;52;Neutral
03-06-2023;27072,0;53;Neutral
02-06-2023;27244,7;50;Neutral
01-06-2023;26819,0;52;Neutral
31-05-2023;27216,1;51;Neutral
30-05-2023;27698,2;51;Neutral
29-05-2023;27739,4;52;Neutral
28-05-2023;28071,2;50;Neutral
27-05-2023;26857,5;48;Neutral
26-05-2023;26711,5;49;Neutral
25-05-2023;26475,8;51;Neutral
24-05-2023;26328,4;50;Neutral
23-05-2023;27220,7;50;Neutral
22-05-2023;26847,3;49;Neutral
21-05-2023;26749,9;52;Neutral
20-05-2023;27116,2;48;Neutral
19-05-2023;26882,9;48;Neutral
18-05-2023;26828,0;51;Neutral
17-05-2023;27403,1;50;Neutral
16-05-2023;27035,3;54;Neutral
15-05-2023;27183,9;50;Neutral
14-05-2023;26920,0;48;Neutral
13-05-2023;26777,5;48;Neutral
12-05-2023;26799,2;49;Neutral
11-05-2023;26983,5;52;Neutral
10-05-2023;27603,3;52;Neutral
09-05-2023;27634,9;51;Neutral
08-05-2023;27670,5;60;Greed
07-05-2023;28424,8;64;Greed
06-05-2023;28857,1;60;Greed
05-05-2023;29513,2;61;Greed
04-05-2023;28842,1;64;Greed
03-05-2023;29023,6;64;Greed
02-05-2023;28669,1;55;Greed
01-05-2023;28077,6;63;Greed
30-04-2023;29252,1;60;Greed
29-04-2023;29234,1;64;Greed
28-04-2023;29321,8;64;Greed
27-04-2023;29475,9;59;Greed
26-04-2023;28424,6;56;Greed
25-04-2023;28298,8;53;Neutral
24-04-2023;27509,3;53;Neutral
23-04-2023;27591,4;56;Greed
22-04-2023;27813,9;53;Neutral
21-04-2023;27264,8;50;Neutral
20-04-2023;28240,5;52;Neutral
19-04-2023;28813,7;63;Greed
18-04-2023;30382,2;58;Greed
17-04-2023;29434,9;69;Greed
16-04-2023;30310,3;68;Greed
15-04-2023;30299,6;68;Greed
14-04-2023;30472,5;68;Greed
13-04-2023;30387,4;61;Greed
12-04-2023;29886,4;65;Greed
11-04-2023;30209,6;68;Greed
10-04-2023;29641,0;62;Greed
09-04-2023;28326,6;61;Greed
08-04-2023;27941,2;61;Greed
07-04-2023;27910,4;64;Greed
06-04-2023;28036,7;63;Greed
05-04-2023;28173,5;62;Greed
04-04-2023;28164,4;62;Greed
03-04-2023;27802,1;63;Greed
02-04-2023;28198,3;63;Greed
01-04-2023;28456,1;61;Greed
31-03-2023;28473,7;63;Greed
30-03-2023;28029,5;60;Greed
29-03-2023;28350,4;57;Greed
28-03-2023;27262,2;59;Greed
27-03-2023;27129,8;64;Greed
26-03-2023;27973,5;64;Greed
25-03-2023;27475,6;64;Greed
24-03-2023;27462,2;61;Greed
23-03-2023;28310,7;57;Greed
22-03-2023;27261,7;62;Greed
21-03-2023;28114,0;68;Greed
20-03-2023;27720,5;66;Greed
19-03-2023;27958,7;63;Greed
18-03-2023;26914,5;64;Greed
17-03-2023;27391,8;51;Neutral
16-03-2023;25004,1;52;Neutral
15-03-2023;24282,7;50;Neutral
14-03-2023;24699,7;56;Greed
13-03-2023;24114,4;49;Neutral
12-03-2023;21994,8;33;Fear
11-03-2023;20467,5;33;Fear
10-03-2023;20156,7;34;Fear
09-03-2023;20361,8;44;Fear
08-03-2023;21710,8;50;Neutral
07-03-2023;22197,8;49;Neutral
06-03-2023;22410,0;48;Neutral
05-03-2023;22428,3;47;Neutral
04-03-2023;22347,1;50;Neutral
03-03-2023;22354,4;50;Neutral
02-03-2023;23465,4;51;Neutral
01-03-2023;23642,2;50;Neutral
28-02-2023;23130,5;53;Neutral
27-02-2023;23494,1;50;Neutral
26-02-2023;23558,7;51;Neutral
25-02-2023;23166,1;52;Neutral
24-02-2023;23191,5;53;Neutral
23-02-2023;23936,3;56;Greed
22-02-2023;24186,6;59;Greed
21-02-2023;24450,7;60;Greed
20-02-2023;24839,5;58;Greed
19-02-2023;24302,9;60;Greed
18-02-2023;24631,4;60;Greed
17-02-2023;24573,5;61;Greed
16-02-2023;23539,6;62;Greed
15-02-2023;24327,9;53;Neutral
14-02-2023;22198,5;50;Neutral
13-02-2023;21772,6;48;Neutral
12-02-2023;21786,8;50;Neutral
11-02-2023;21859,8;49;Neutral
10-02-2023;21635,0;48;Neutral
09-02-2023;21792,5;55;Greed
08-02-2023;22964,6;58;Greed
07-02-2023;23251,7;54;Neutral
06-02-2023;22761,8;56;Greed
05-02-2023;22936,0;58;Greed
04-02-2023;23323,8;58;Greed
03-02-2023;23431,2;60;Greed
02-02-2023;23427,6;60;Greed
01-02-2023;23725,6;56;Greed
31-01-2023;23125,1;51;Neutral
30-01-2023;22832,2;61;Greed
29-01-2023;23753,1;55;Greed
28-01-2023;23027,9;52;Neutral
27-01-2023;23074,6;55;Greed
26-01-2023;23016,0;54;Neutral
25-01-2023;23055,1;51;Neutral
24-01-2023;22632,5;52;Neutral
23-01-2023;22915,5;50;Neutral
22-01-2023;22707,8;53;Neutral
21-01-2023;22775,7;53;Neutral
20-01-2023;22677,2;51;Neutral
19-01-2023;21081,2;45;Fear
18-01-2023;20670,6;52;Neutral
17-01-2023;21137,1;51;Neutral
16-01-2023;21184,2;45;Fear
15-01-2023;20879,8;52;Neutral
14-01-2023;20958,2;46;Fear
13-01-2023;19927,0;31;Fear
12-01-2023;18851,3;30;Fear
11-01-2023;17942,3;26;Fear
10-01-2023;17439,1;26;Fear
09-01-2023;17180,1;25;Extreme Fear
08-01-2023;17119,0;25;Extreme Fear
07-01-2023;16943,6;25;Extreme Fear
06-01-2023;16950,9;26;Fear
05-01-2023;16829,8;29;Fear
04-01-2023;16852,1;29;Fear
03-01-2023;16674,2;26;Fear
02-01-2023;16674,3;27;Fear
01-01-2023;16618,4;26;Fear
31-12-2022;16537,4;25;Extreme Fear
30-12-2022;16607,2;28;Fear
29-12-2022;16636,4;28;Fear
28-12-2022;16546,2;28;Fear
27-12-2022;16706,1;27;Fear
26-12-2022;16918,1;28;Fear
25-12-2022;16831,8;29;Fear
24-12-2022;16837,2;29;Fear
23-12-2022;16779,1;27;Fear
22-12-2022;16820,6;28;Fear
21-12-2022;16831,8;26;Fear
20-12-2022;16902,8;29;Fear
19-12-2022;16441,3;29;Fear
18-12-2022;16741,1;26;Fear
17-12-2022;16777,1;28;Fear
16-12-2022;16629,6;29;Fear
15-12-2022;17356,1;31;Fear
14-12-2022;17796,4;30;Fear
13-12-2022;17778,6;27;Fear
12-12-2022;17210,4;27;Fear
11-12-2022;17093,3;26;Fear
10-12-2022;17127,2;27;Fear
09-12-2022;17125,7;26;Fear
08-12-2022;17225,7;25;Extreme Fear
07-12-2022;16835,2;29;Fear
06-12-2022;17089,3;25;Extreme Fear
05-12-2022;16966,5;26;Fear
04-12-2022;17112,6;26;Fear
03-12-2022;16884,5;27;Fear
02-12-2022;17093,6;27;Fear
01-12-2022;16972,0;27;Fear
30-11-2022;17163,9;29;Fear
29-11-2022;16440,4;26;Fear
28-11-2022;16211,7;28;Fear
27-11-2022;16425,6;26;Fear
26-11-2022;16456,5;22;Extreme Fear
25-11-2022;16512,3;20;Extreme Fear
24-11-2022;16601,2;20;Extreme Fear
23-11-2022;16623,9;22;Extreme Fear
22-11-2022;16212,9;22;Extreme Fear
21-11-2022;15776,2;21;Extreme Fear
20-11-2022;16286,7;24;Extreme Fear
19-11-2022;16699,2;23;Extreme Fear
18-11-2022;16638,3;23;Extreme Fear
17-11-2022;16691,2;20;Extreme Fear
16-11-2022;16540,5;23;Extreme Fear
15-11-2022;16895,1;22;Extreme Fear
14-11-2022;16613,7;24;Extreme Fear
13-11-2022;16324,5;22;Extreme Fear
12-11-2022;16795,2;21;Extreme Fear
11-11-2022;17049,9;25;Extreme Fear
10-11-2022;17589,1;22;Extreme Fear
09-11-2022;15886,9;29;Fear
08-11-2022;18527,4;31;Fear
07-11-2022;20589,0;33;Fear
06-11-2022;20916,3;40;Fear
05-11-2022;21301,6;38;Fear
04-11-2022;21145,9;30;Fear
03-11-2022;20206,4;30;Fear
02-11-2022;20154,4;30;Fear
01-11-2022;20483,5;30;Fear
31-10-2022;20496,3;31;Fear
30-10-2022;20626,3;34;Fear
29-10-2022;20809,8;34;Fear
28-10-2022;20594,4;30;Fear
27-10-2022;20292,9;32;Fear
26-10-2022;20769,5;33;Fear
25-10-2022;20082,7;20;Extreme Fear
24-10-2022;19331,5;22;Extreme Fear
23-10-2022;19571,2;23;Extreme Fear
22-10-2022;19204,8;20;Extreme Fear
21-10-2022;19162,6;23;Extreme Fear
20-10-2022;19042,9;23;Extreme Fear
19-10-2022;19123,9;23;Extreme Fear
18-10-2022;19328,2;22;Extreme Fear
17-10-2022;19548,2;20;Extreme Fear
16-10-2022;19261,9;24;Extreme Fear
15-10-2022;19068,7;24;Extreme Fear
14-10-2022;19181,8;24;Extreme Fear
13-10-2022;19379,8;20;Extreme Fear
12-10-2022;19154,8;20;Extreme Fear
11-10-2022;19059,1;24;Extreme Fear
10-10-2022;19134,6;22;Extreme Fear
09-10-2022;19441,0;22;Extreme Fear
08-10-2022;19415,0;24;Extreme Fear
07-10-2022;19531,3;23;Extreme Fear
06-10-2022;19956,7;26;Fear
05-10-2022;20157,5;25;Extreme Fear
04-10-2022;20340,2;20;Extreme Fear
03-10-2022;19628,3;24;Extreme Fear
02-10-2022;19052,2;24;Extreme Fear
01-10-2022;19311,9;20;Extreme Fear
30-09-2022;19423,0;21;Extreme Fear
29-09-2022;19593,0;22;Extreme Fear
28-09-2022;19411,0;20;Extreme Fear
27-09-2022;19081,0;20;Extreme Fear
26-09-2022;19225,7;21;Extreme Fear
25-09-2022;18803,2;24;Extreme Fear
24-09-2022;18925,2;24;Extreme Fear
23-09-2022;19293,5;20;Extreme Fear
22-09-2022;19404,0;22;Extreme Fear
21-09-2022;18489,0;23;Extreme Fear
20-09-2022;18872,4;23;Extreme Fear
19-09-2022;19538,9;21;Extreme Fear
18-09-2022;19418,8;27;Fear
17-09-2022;20113,5;22;Extreme Fear
16-09-2022;19802,4;20;Extreme Fear
15-09-2022;19701,7;28;Fear
14-09-2022;20222,5;27;Fear
13-09-2022;20175,5;34;Fear
12-09-2022;22395,3;25;Extreme Fear
11-09-2022;21834,9;26;Fear
10-09-2022;21650,4;28;Fear
09-09-2022;21365,2;22;Extreme Fear
08-09-2022;19317,4;20;Extreme Fear
07-09-2022;19281,5;24;Extreme Fear
06-09-2022;18786,4;22;Extreme Fear
05-09-2022;19793,1;23;Extreme Fear
04-09-2022;19999,9;20;Extreme Fear
03-09-2022;19831,4;21;Extreme Fear
02-09-2022;19952,7;25;Extreme Fear
01-09-2022;20126,1;20;Extreme Fear
31-08-2022;20043,9;23;Extreme Fear
30-08-2022;19792,6;27;Fear
29-08-2022;20295,8;24;Extreme Fear
28-08-2022;19550,2;28;Fear
27-08-2022;20033,9;28;Fear
26-08-2022;20249,9;27;Fear
25-08-2022;21565,4;25;Extreme Fear
24-08-2022;21365,2;25;Extreme Fear
23-08-2022;21517,2;28;Fear
22-08-2022;21416,3;29;Fear
21-08-2022;21517,2;27;Fear
20-08-2022;21138,9;29;Fear
19-08-2022;20831,3;33;Fear
18-08-2022;23203,6;30;Fear
17-08-2022;23338,0;41;Fear
16-08-2022;23856,8;44;Fear
15-08-2022;24101,7;45;Fear
14-08-2022;24302,8;47;Neutral
13-08-2022;24442,5;46;Fear
12-08-2022;24398,7;42;Fear
11-08-2022;23935,3;41;Fear
10-08-2022;23962,9;31;Fear
09-08-2022;23146,7;42;Fear
08-08-2022;23816,3;30;Fear
07-08-2022;23175,3;30;Fear
06-08-2022;22944,2;31;Fear
05-08-2022;23308,2;31;Fear
04-08-2022;22612,1;30;Fear
03-08-2022;22820,8;34;Fear
02-08-2022;22988,6;31;Fear
01-08-2022;23271,2;33;Fear
31-07-2022;23303,4;39;Fear
30-07-2022;23634,2;42;Fear
29-07-2022;23774,3;39;Fear
28-07-2022;23850,0;32;Fear
27-07-2022;22958,3;28;Fear
26-07-2022;21248,7;26;Fear
25-07-2022;21301,9;30;Fear
24-07-2022;22582,1;30;Fear
23-07-2022;22460,4;31;Fear
22-07-2022;22675,2;33;Fear
21-07-2022;23153,0;34;Fear
20-07-2022;23215,2;31;Fear
19-07-2022;23410,2;30;Fear
18-07-2022;22525,8;20;Extreme Fear
17-07-2022;20785,6;24;Extreme Fear
16-07-2022;21209,9;21;Extreme Fear
15-07-2022;20825,1;15;Extreme Fear
14-07-2022;20586,0;18;Extreme Fear
13-07-2022;20250,0;15;Extreme Fear
12-07-2022;19330,9;16;Extreme Fear
11-07-2022;19963,2;22;Extreme Fear
10-07-2022;20847,4;24;Extreme Fear
09-07-2022;21587,5;24;Extreme Fear
08-07-2022;21611,2;20;Extreme Fear
07-07-2022;21637,8;18;Extreme Fear
06-07-2022;20561,1;18;Extreme Fear
05-07-2022;20200,6;19;Extreme Fear
04-07-2022;20215,8;14;Extreme Fear
03-07-2022;19309,9;11;Extreme Fear
02-07-2022;19243,2;14;Extreme Fear
01-07-2022;19262,9;11;Extreme Fear
30-06-2022;19926,6;11;Extreme Fear
29-06-2022;20111,3;13;Extreme Fear
28-06-2022;20278,0;10;Extreme Fear
27-06-2022;20730,2;12;Extreme Fear
26-06-2022;21043,5;14;Extreme Fear
25-06-2022;21489,9;14;Extreme Fear
24-06-2022;21226,9;11;Extreme Fear
23-06-2022;21100,7;11;Extreme Fear
22-06-2022;19965,8;11;Extreme Fear
21-06-2022;20720,4;9;Extreme Fear
20-06-2022;20572,3;9;Extreme Fear
19-06-2022;20577,2;6;Extreme Fear
18-06-2022;18986,5;6;Extreme Fear
17-06-2022;20444,6;9;Extreme Fear
16-06-2022;20386,6;7;Extreme Fear
15-06-2022;22577,9;7;Extreme Fear
14-06-2022;22157,3;8;Extreme Fear
13-06-2022;22448,0;11;Extreme Fear
12-06-2022;26606,3;14;Extreme Fear
11-06-2022;28403,4;12;Extreme Fear
10-06-2022;29083,3;13;Extreme Fear
09-06-2022;30097,8;11;Extreme Fear
08-06-2022;30201,6;17;Extreme Fear
07-06-2022;31128,8;15;Extreme Fear
06-06-2022;31367,6;13;Extreme Fear
05-06-2022;29913,0;10;Extreme Fear
04-06-2022;29864,3;14;Extreme Fear
03-06-2022;29700,9;10;Extreme Fear
02-06-2022;30455,5;13;Extreme Fear
01-06-2022;29798,5;17;Extreme Fear
31-05-2022;31793,4;16;Extreme Fear
30-05-2022;31723,3;10;Extreme Fear
29-05-2022;29465,2;14;Extreme Fear
28-05-2022;29027,1;13;Extreme Fear
27-05-2022;28601,2;12;Extreme Fear
26-05-2022;29203,5;12;Extreme Fear
25-05-2022;29540,6;11;Extreme Fear
24-05-2022;29648,7;12;Extreme Fear
23-05-2022;29093,3;10;Extreme Fear
22-05-2022;30286,6;14;Extreme Fear
21-05-2022;29434,6;13;Extreme Fear
20-05-2022;29178,6;13;Extreme Fear
19-05-2022;30305,9;13;Extreme Fear
18-05-2022;28683,7;12;Extreme Fear
17-05-2022;30437,5;8;Extreme Fear
16-05-2022;29849,0;14;Extreme Fear
15-05-2022;31308,7;10;Extreme Fear
14-05-2022;30080,4;9;Extreme Fear
13-05-2022;29284,4;10;Extreme Fear
12-05-2022;28976,0;12;Extreme Fear
11-05-2022;29068,2;12;Extreme Fear
10-05-2022;31007,5;10;Extreme Fear
09-05-2022;30095,0;11;Extreme Fear
08-05-2022;34060,0;18;Extreme Fear
07-05-2022;35468,0;23;Extreme Fear
06-05-2022;36009,0;22;Extreme Fear
05-05-2022;36544,0;27;Fear
04-05-2022;39688,0;21;Extreme Fear
03-05-2022;37718,0;27;Fear
02-05-2022;38514,0;28;Fear
01-05-2022;38461,0;22;Extreme Fear
30-04-2022;37650,0;20;Extreme Fear
29-04-2022;38581,0;23;Extreme Fear
28-04-2022;39748,0;24;Extreme Fear
27-04-2022;39243,0;21;Extreme Fear
26-04-2022;38113,0;27;Fear
25-04-2022;40427,0;23;Extreme Fear
24-04-2022;39464,0;24;Extreme Fear
23-04-2022;39418,0;24;Extreme Fear
22-04-2022;39709,0;26;Fear
21-04-2022;40482,0;27;Fear
20-04-2022;41368,0;27;Fear
19-04-2022;41503,0;27;Fear
18-04-2022;40803,0;24;Extreme Fear
17-04-2022;39703,0;28;Fear
16-04-2022;40382,0;28;Fear
15-04-2022;40560,0;22;Extreme Fear
14-04-2022;39936,0;28;Fear
13-04-2022;41133,0;25;Extreme Fear
12-04-2022;40078,0;20;Extreme Fear
11-04-2022;39497,0;32;Fear
10-04-2022;42138,0;34;Fear
09-04-2022;42767,0;30;Fear
08-04-2022;42275,0;37;Fear
07-04-2022;43448,0;34;Fear
06-04-2022;43173,0;48;Neutral
05-04-2022;45506,0;53;Neutral
04-04-2022;46629,0;52;Neutral
03-04-2022;46407,0;48;Neutral
02-04-2022;45811,0;52;Neutral
01-04-2022;46297,0;50;Neutral
31-03-2022;45525,0;52;Neutral
30-03-2022;47075,0;55;Greed
29-03-2022;47449,0;56;Greed
28-03-2022;47105,0;60;Greed
27-03-2022;46859,0;49;Neutral
26-03-2022;44548,0;51;Neutral
25-03-2022;44331,0;47;Neutral
24-03-2022;44013,0;40;Fear
23-03-2022;42912,0;31;Fear
22-03-2022;42373,0;26;Fear
21-03-2022;41022,0;30;Fear
20-03-2022;41276,0;31;Fear
19-03-2022;42233,0;28;Fear
18-03-2022;41767,8;25;Extreme Fear
17-03-2022;40914,8;27;Fear
16-03-2022;41118,7;24;Extreme Fear
15-03-2022;39285,7;21;Extreme Fear
14-03-2022;39671,1;23;Extreme Fear
13-03-2022;37792,4;21;Extreme Fear
12-03-2022;38814,3;22;Extreme Fear
11-03-2022;38730,2;22;Extreme Fear
10-03-2022;39416,3;28;Fear
09-03-2022;41929,0;22;Extreme Fear
08-03-2022;38744,8;21;Extreme Fear
07-03-2022;38024,8;23;Extreme Fear
06-03-2022;38403,1;22;Extreme Fear
05-03-2022;39395,8;22;Extreme Fear
04-03-2022;39142,7;33;Fear
03-03-2022;42463,0;39;Fear
02-03-2022;43912,8;52;Neutral
01-03-2022;44420,3;51;Neutral
28-02-2022;43188,2;20;Extreme Fear
27-02-2022;37689,1;26;Fear
26-02-2022;39115,5;26;Fear
25-02-2022;39209,6;27;Fear
24-02-2022;38339,2;23;Extreme Fear
23-02-2022;37224,6;25;Extreme Fear
22-02-2022;38248,2;20;Extreme Fear
21-02-2022;37017,7;25;Extreme Fear
20-02-2022;38355,0;27;Fear
19-02-2022;40090,3;25;Extreme Fear
18-02-2022;40000,1;30;Fear
17-02-2022;40552,8;52;Neutral
16-02-2022;43883,6;51;Neutral
15-02-2022;44544,4;46;Fear
14-02-2022;42550,3;46;Fear
13-02-2022;42061,1;44;Fear
12-02-2022;42205,2;44;Fear
11-02-2022;42388,4;50;Neutral
10-02-2022;43521,0;50;Neutral
09-02-2022;44388,9;54;Neutral
08-02-2022;44038,2;48;Neutral
07-02-2022;43833,9;45;Fear
06-02-2022;42392,2;37;Fear
05-02-2022;41412,1;33;Fear
04-02-2022;41567,6;20;Extreme Fear
03-02-2022;37287,8;20;Extreme Fear
02-02-2022;36890,2;28;Fear
01-02-2022;38709,7;26;Fear
31-01-2022;38498,6;20;Extreme Fear
30-01-2022;37917,7;29;Fear
29-01-2022;38170,8;24;Extreme Fear
28-01-2022;37745,1;24;Extreme Fear
27-01-2022;37164,3;20;Extreme Fear
26-01-2022;36800,4;23;Extreme Fear
25-01-2022;36950,6;12;Extreme Fear
24-01-2022;36686,3;13;Extreme Fear
23-01-2022;36269,5;11;Extreme Fear
22-01-2022;35075,2;13;Extreme Fear
21-01-2022;36475,5;19;Extreme Fear
20-01-2022;40715,9;24;Extreme Fear
19-01-2022;41677,8;24;Extreme Fear
18-01-2022;42364,6;24;Extreme Fear
17-01-2022;42209,3;22;Extreme Fear
16-01-2022;43079,1;21;Extreme Fear
15-01-2022;43097,0;23;Extreme Fear
14-01-2022;43073,3;21;Extreme Fear
13-01-2022;42560,0;21;Extreme Fear
12-01-2022;43901,0;22;Extreme Fear
11-01-2022;42733,2;21;Extreme Fear
10-01-2022;41832,2;23;Extreme Fear
09-01-2022;41848,3;23;Extreme Fear
08-01-2022;41672,0;10;Extreme Fear
07-01-2022;41546,7;18;Extreme Fear
06-01-2022;43097,5;15;Extreme Fear
05-01-2022;43425,9;24;Extreme Fear
04-01-2022;45837,3;23;Extreme Fear
03-01-2022;46430,2;29;Fear
02-01-2022;47311,8;29;Fear
01-01-2022;47738,0;21;Extreme Fear
31-12-2021;46219,5;28;Fear
30-12-2021;47123,3;22;Extreme Fear
29-12-2021;46461,7;27;Fear
28-12-2021;47545,2;41;Fear
27-12-2021;50678,2;40;Fear
26-12-2021;50779,9;37;Fear
25-12-2021;50406,4;39;Fear
24-12-2021;50786,1;41;Fear
23-12-2021;50801,0;34;Fear
22-12-2021;48599,7;45;Fear
21-12-2021;48902,0;27;Fear
20-12-2021;46895,2;25;Extreme Fear
19-12-2021;46704,5;29;Fear
18-12-2021;46856,2;24;Extreme Fear
17-12-2021;46172,2;23;Extreme Fear
16-12-2021;47628,2;29;Fear
15-12-2021;48871,5;28;Fear
14-12-2021;48366,5;21;Extreme Fear
13-12-2021;46703,6;28;Fear
12-12-2021;50081,0;27;Fear
11-12-2021;49314,5;16;Extreme Fear
10-12-2021;47137,2;24;Extreme Fear
09-12-2021;47596,6;29;Fear
08-12-2021;50473,9;28;Fear
07-12-2021;50595,2;25;Extreme Fear
06-12-2021;50562,1;16;Extreme Fear
05-12-2021;49405,5;18;Extreme Fear
04-12-2021;49195,2;25;Extreme Fear
03-12-2021;53631,5;31;Fear
02-12-2021;56496,0;32;Fear
01-12-2021;57210,3;34;Fear
30-11-2021;56882,9;40;Fear
29-11-2021;57794,8;33;Fear
28-11-2021;57291,5;27;Fear
27-11-2021;54765,9;21;Extreme Fear
26-11-2021;53730,9;47;Neutral
25-11-2021;58935,1;32;Fear
24-11-2021;57171,7;42;Fear
23-11-2021;57573,2;33;Fear
22-11-2021;56308,8;50;Neutral
21-11-2021;58714,3;49;Neutral
20-11-2021;59717,6;43;Fear
19-11-2021;58083,4;34;Fear
18-11-2021;56955,3;54;Neutral
17-11-2021;60367,8;52;Neutral
16-11-2021;60089,1;71;Greed
15-11-2021;63597,9;72;Greed
14-11-2021;65508,2;74;Greed
13-11-2021;64398,6;72;Greed
12-11-2021;64134,5;74;Greed
11-11-2021;64806,7;77;Extreme Greed
10-11-2021;64932,6;75;Greed
09-11-2021;66904,4;84;Extreme Greed
08-11-2021;67527,9;75;Greed
07-11-2021;63273,2;73;Greed
06-11-2021;61483,9;71;Greed
05-11-2021;60974,3;73;Greed
04-11-2021;61412,6;73;Greed
03-11-2021;62918,5;76;Extreme Greed
02-11-2021;63221,7;73;Greed
01-11-2021;60915,3;74;Greed
31-10-2021;61309,6;74;Greed
30-10-2021;61840,1;73;Greed
29-10-2021;62242,8;70;Greed
28-10-2021;60582,5;66;Greed
27-10-2021;58438,1;73;Greed
26-10-2021;60310,8;76;Extreme Greed
25-10-2021;63067,0;72;Greed
24-10-2021;60866,5;73;Greed
23-10-2021;61312,5;74;Greed
22-10-2021;60690,3;75;Greed
21-10-2021;62210,2;84;Extreme Greed
20-10-2021;65979,1;82;Extreme Greed
19-10-2021;64278,5;75;Greed
18-10-2021;62056,3;78;Extreme Greed
17-10-2021;61527,5;79;Extreme Greed
16-10-2021;60861,1;78;Extreme Greed
15-10-2021;61672,5;71;Greed
14-10-2021;57345,8;70;Greed
13-10-2021;57380,1;70;Greed
12-10-2021;56015,9;78;Extreme Greed
11-10-2021;57477,3;71;Greed
10-10-2021;54687,7;71;Greed
09-10-2021;54942,5;72;Greed
08-10-2021;53914,7;74;Greed
07-10-2021;53783,9;76;Extreme Greed
06-10-2021;55323,2;68;Greed
05-10-2021;51469,3;59;Greed
04-10-2021;49227,3;54;Neutral
03-10-2021;48200,1;49;Neutral
02-10-2021;47666,9;54;Neutral
01-10-2021;48146,0;27;Fear
30-09-2021;43823,3;20;Extreme Fear
29-09-2021;41536,8;24;Extreme Fear
28-09-2021;41022,3;25;Extreme Fear
27-09-2021;42172,6;26;Fear
26-09-2021;43203,4;27;Fear
25-09-2021;42686,8;28;Fear
24-09-2021;42819,9;33;Fear
23-09-2021;44869,2;27;Fear
22-09-2021;43551,6;21;Extreme Fear
21-09-2021;40651,3;27;Fear
20-09-2021;42870,6;50;Neutral
19-09-2021;47238,7;53;Neutral
18-09-2021;48306,7;50;Neutral
17-09-2021;47282,8;48;Neutral
16-09-2021;47748,0;53;Neutral
15-09-2021;48130,6;49;Neutral
14-09-2021;47077,5;30;Fear
13-09-2021;44949,5;44;Fear
12-09-2021;46062,3;32;Fear
11-09-2021;45161,9;31;Fear
10-09-2021;44842,8;46;Fear
09-09-2021;46385,6;45;Fear
08-09-2021;46061,4;47;Neutral
07-09-2021;46779,6;79;Extreme Greed
06-09-2021;52672,1;79;Extreme Greed
05-09-2021;51768,6;73;Greed
04-09-2021;49918,4;72;Greed
03-09-2021;49999,0;74;Greed
02-09-2021;49274,3;74;Greed
01-09-2021;48819,4;71;Greed
31-08-2021;47130,4;73;Greed
30-08-2021;46992,7;73;Greed
29-08-2021;48777,4;72;Greed
28-08-2021;48897,1;78;Extreme Greed
27-08-2021;49064,3;71;Greed
26-08-2021;46831,6;75;Greed
25-08-2021;48994,5;73;Greed
24-08-2021;47714,7;79;Extreme Greed
23-08-2021;49539,7;79;Extreme Greed
22-08-2021;49254,5;76;Extreme Greed
21-08-2021;48875,8;78;Extreme Greed
20-08-2021;49324,0;70;Greed
19-08-2021;46755,9;70;Greed
18-08-2021;44723,8;73;Greed
17-08-2021;44691,6;72;Greed
16-08-2021;45996,3;72;Greed
15-08-2021;46991,3;71;Greed
14-08-2021;47081,5;76;Extreme Greed
13-08-2021;47809,1;70;Greed
12-08-2021;44403,4;70;Greed
11-08-2021;45564,3;70;Greed
10-08-2021;45593,8;71;Greed
09-08-2021;46284,3;65;Greed
08-08-2021;43792,8;74;Greed
07-08-2021;44614,2;69;Greed
06-08-2021;42795,4;52;Neutral
05-08-2021;40867,2;50;Neutral
04-08-2021;39736,9;42;Fear
03-08-2021;38130,3;48;Neutral
02-08-2021;39168,4;48;Neutral
01-08-2021;39878,3;60;Greed
31-07-2021;41553,7;60;Greed
30-07-2021;42203,4;53;Neutral
29-07-2021;40001,4;50;Neutral
28-07-2021;40003,2;50;Neutral
27-07-2021;39452,0;32;Fear
26-07-2021;37276,6;26;Fear
25-07-2021;35391,1;27;Fear
24-07-2021;33824,8;22;Extreme Fear
23-07-2021;33603,3;23;Extreme Fear
22-07-2021;32298,9;21;Extreme Fear
21-07-2021;32131,4;10;Extreme Fear
20-07-2021;29793,8;19;Extreme Fear
19-07-2021;30837,2;24;Extreme Fear
18-07-2021;31785,4;19;Extreme Fear
17-07-2021;31518,6;15;Extreme Fear
16-07-2021;31394,0;22;Extreme Fear
15-07-2021;31840,5;20;Extreme Fear
14-07-2021;32820,7;21;Extreme Fear
13-07-2021;32728,1;20;Extreme Fear
12-07-2021;33113,0;25;Extreme Fear
11-07-2021;34227,7;20;Extreme Fear
10-07-2021;33510,6;20;Extreme Fear
09-07-2021;33797,4;20;Extreme Fear
08-07-2021;32866,3;20;Extreme Fear
07-07-2021;33867,8;28;Fear
06-07-2021;34225,6;20;Extreme Fear
05-07-2021;33687,8;29;Fear
04-07-2021;35298,2;27;Fear
03-07-2021;34742,8;24;Extreme Fear
02-07-2021;33813,4;21;Extreme Fear
01-07-2021;33543,6;28;Fear
30-06-2021;35026,9;28;Fear
29-06-2021;35834,7;25;Extreme Fear
28-06-2021;34475,9;25;Extreme Fear
27-06-2021;34678,5;22;Extreme Fear
26-06-2021;32243,4;20;Extreme Fear
25-06-2021;31594,0;27;Fear
24-06-2021;34665,8;22;Extreme Fear
23-06-2021;33674,3;14;Extreme Fear
22-06-2021;32496,4;10;Extreme Fear
21-06-2021;31692,0;23;Extreme Fear
20-06-2021;35595,8;21;Extreme Fear
19-06-2021;35513,4;23;Extreme Fear
18-06-2021;35749,4;25;Extreme Fear
17-06-2021;38052,0;26;Fear
16-06-2021;38336,0;33;Fear
15-06-2021;40156,1;38;Fear
14-06-2021;40529,4;28;Fear
13-06-2021;39022,9;23;Extreme Fear
12-06-2021;35467,5;28;Fear
11-06-2021;37314,6;21;Extreme Fear
10-06-2021;36649,4;21;Extreme Fear
09-06-2021;37332,2;14;Extreme Fear
08-06-2021;33382,9;13;Extreme Fear
07-06-2021;33578,0;15;Extreme Fear
06-06-2021;35815,4;17;Extreme Fear
05-06-2021;35520,0;24;Extreme Fear
04-06-2021;36851,3;27;Fear
03-06-2021;39187,3;24;Extreme Fear
02-06-2021;37555,8;23;Extreme Fear
01-06-2021;36687,6;20;Extreme Fear
31-05-2021;37298,6;18;Extreme Fear
30-05-2021;35652,8;10;Extreme Fear
29-05-2021;34584,6;18;Extreme Fear
28-05-2021;35662,5;21;Extreme Fear
27-05-2021;38417,3;27;Fear
26-05-2021;39249,2;22;Extreme Fear
25-05-2021;38378,3;22;Extreme Fear
24-05-2021;38750,6;10;Extreme Fear
23-05-2021;34679,7;14;Extreme Fear
22-05-2021;37448,3;12;Extreme Fear
21-05-2021;37297,4;19;Extreme Fear
20-05-2021;40717,2;11;Extreme Fear
19-05-2021;36720,5;23;Extreme Fear
18-05-2021;42897,3;21;Extreme Fear
17-05-2021;43541,3;27;Fear
16-05-2021;46426,4;20;Extreme Fear
15-05-2021;46708,8;27;Fear
14-05-2021;49839,8;26;Fear
13-05-2021;49704,6;31;Fear
12-05-2021;49384,2;68;Greed
11-05-2021;56695,7;61;Greed
10-05-2021;55848,9;72;Greed
09-05-2021;58238,3;73;Greed
08-05-2021;58840,1;67;Greed
07-05-2021;57337,2;64;Greed
06-05-2021;56405,4;65;Greed
05-05-2021;57441,3;48;Neutral
04-05-2021;53741,5;68;Greed
03-05-2021;57169,8;61;Greed
02-05-2021;56603,8;66;Greed
01-05-2021;57807,1;68;Greed
30-04-2021;57720,3;51;Neutral
29-04-2021;53560,8;52;Neutral
28-04-2021;54841,4;59;Greed
27-04-2021;55036,5;50;Neutral
26-04-2021;54020,5;27;Fear
25-04-2021;48963,6;31;Fear
24-04-2021;50088,9;37;Fear
23-04-2021;51143,6;55;Greed
22-04-2021;51729,5;65;Greed
21-04-2021;53820,2;73;Greed
20-04-2021;56483,2;73;Greed
19-04-2021;55646,1;74;Greed
18-04-2021;56207,1;79;Extreme Greed
17-04-2021;60041,9;76;Extreme Greed
16-04-2021;61379,7;78;Extreme Greed
15-04-2021;63216,0;79;Extreme Greed
14-04-2021;62980,4;75;Greed
13-04-2021;63540,9;74;Greed
12-04-2021;59863,8;74;Greed
11-04-2021;59978,7;76;Extreme Greed
10-04-2021;59748,4;70;Greed
09-04-2021;58118,7;70;Greed
08-04-2021;58077,4;73;Greed
07-04-2021;55948,7;72;Greed
06-04-2021;57996,3;75;Greed
05-04-2021;58993,4;71;Greed
04-04-2021;58199,9;74;Greed
03-04-2021;57059,9;73;Greed
02-04-2021;58977,3;74;Greed
01-04-2021;58718,3;74;Greed
31-03-2021;58763,7;76;Extreme Greed
30-03-2021;58771,3;72;Greed
29-03-2021;57616,2;72;Greed
28-03-2021;55765,2;74;Greed
27-03-2021;55862,9;65;Greed
26-03-2021;55036,1;54;Neutral
25-03-2021;51322,3;60;Greed
24-03-2021;52325,4;65;Greed
23-03-2021;54452,5;66;Greed
22-03-2021;54158,3;70;Greed
21-03-2021;57383,8;73;Greed
20-03-2021;58093,4;75;Greed
19-03-2021;58088,0;71;Greed
18-03-2021;57656,0;72;Greed
17-03-2021;58913,5;71;Greed
16-03-2021;56889,7;71;Greed
15-03-2021;55791,3;76;Extreme Greed
14-03-2021;59113,7;78;Extreme Greed
13-03-2021;61195,3;74;Greed
12-03-2021;57265,1;70;Greed
11-03-2021;57799,5;73;Greed
10-03-2021;55851,9;68;Greed
09-03-2021;54879,0;81;Extreme Greed
08-03-2021;52311,0;81;Extreme Greed
07-03-2021;50982,3;76;Extreme Greed
06-03-2021;48855,6;77;Extreme Greed
05-03-2021;48792,5;77;Extreme Greed
04-03-2021;48428,0;84;Extreme Greed
03-03-2021;50395,1;78;Extreme Greed
02-03-2021;48424,2;78;Extreme Greed
01-03-2021;49595,5;38;Fear
28-02-2021;45164,0;55;Greed
27-02-2021;46136,7;56;Greed
26-02-2021;46345,6;55;Greed
25-02-2021;46928,5;79;Extreme Greed
24-02-2021;49697,5;76;Extreme Greed
23-02-2021;48911,2;94;Extreme Greed
22-02-2021;54111,8;94;Extreme Greed
21-02-2021;57433,8;91;Extreme Greed
20-02-2021;55923,7;91;Extreme Greed
19-02-2021;55906,6;93;Extreme Greed
18-02-2021;51582,2;91;Extreme Greed
17-02-2021;52079,2;95;Extreme Greed
16-02-2021;49169,7;95;Extreme Greed
15-02-2021;47936,3;93;Extreme Greed
14-02-2021;48643,4;95;Extreme Greed
13-02-2021;47168,7;92;Extreme Greed
12-02-2021;47371,7;92;Extreme Greed
11-02-2021;47990,7;93;Extreme Greed
10-02-2021;44836,0;92;Extreme Greed
09-02-2021;46508,6;95;Extreme Greed
08-02-2021;46395,7;83;Extreme Greed
07-02-2021;38852,9;86;Extreme Greed
06-02-2021;39256,6;84;Extreme Greed
05-02-2021;38297,6;81;Extreme Greed
04-02-2021;36982,1;80;Extreme Greed
03-02-2021;37646,8;78;Extreme Greed
02-02-2021;35485,2;76;Extreme Greed
01-02-2021;33515,7;77;Extreme Greed
31-01-2021;33108,1;78;Extreme Greed
30-01-2021;34283,1;76;Extreme Greed
29-01-2021;34301,8;77;Extreme Greed
28-01-2021;33374,8;55;Greed
27-01-2021;30404,0;78;Extreme Greed
26-01-2021;32502,1;71;Greed
25-01-2021;32252,3;74;Greed
24-01-2021;32241,3;70;Greed
23-01-2021;32088,9;74;Greed
22-01-2021;33000,5;40;Fear
21-01-2021;30842,1;75;Greed
20-01-2021;35476,3;78;Extreme Greed
19-01-2021;36002,9;80;Extreme Greed
18-01-2021;36613,2;79;Extreme Greed
17-01-2021;35839,6;79;Extreme Greed
16-01-2021;36019,5;84;Extreme Greed
15-01-2021;36845,8;88;Extreme Greed
14-01-2021;39175,7;83;Extreme Greed
13-01-2021;37382,2;78;Extreme Greed
12-01-2021;34076,1;84;Extreme Greed
11-01-2021;35544,3;90;Extreme Greed
10-01-2021;38192,2;94;Extreme Greed
09-01-2021;40151,9;93;Extreme Greed
08-01-2021;40599,3;93;Extreme Greed
07-01-2021;39460,2;91;Extreme Greed
06-01-2021;36793,2;95;Extreme Greed
05-01-2021;33991,5;93;Extreme Greed
04-01-2021;32022,6;94;Extreme Greed
03-01-2021;32958,9;93;Extreme Greed
02-01-2021;32193,3;94;Extreme Greed
01-01-2021;29359,9;94;Extreme Greed
31-12-2020;28949,4;95;Extreme Greed
30-12-2020;28868,7;91;Extreme Greed
29-12-2020;27376,0;91;Extreme Greed
28-12-2020;27057,8;92;Extreme Greed
27-12-2020;26261,3;91;Extreme Greed
26-12-2020;26454,4;93;Extreme Greed
25-12-2020;24689,6;94;Extreme Greed
24-12-2020;23736,5;86;Extreme Greed
23-12-2020;23257,9;93;Extreme Greed
22-12-2020;23823,2;88;Extreme Greed
21-12-2020;22728,5;92;Extreme Greed
20-12-2020;23474,9;92;Extreme Greed
19-12-2020;23844,0;93;Extreme Greed
18-12-2020;23127,9;95;Extreme Greed
17-12-2020;22825,4;92;Extreme Greed
16-12-2020;21352,2;92;Extreme Greed
15-12-2020;19434,9;91;Extreme Greed
14-12-2020;19273,8;95;Extreme Greed
13-12-2020;19176,8;91;Extreme Greed
12-12-2020;18808,9;90;Extreme Greed
11-12-2020;18023,6;89;Extreme Greed
10-12-2020;18247,2;94;Extreme Greed
09-12-2020;18546,0;86;Extreme Greed
08-12-2020;18326,6;95;Extreme Greed
07-12-2020;19170,7;94;Extreme Greed
06-12-2020;19379,9;95;Extreme Greed
05-12-2020;19146,5;93;Extreme Greed
04-12-2020;18658,1;92;Extreme Greed
03-12-2020;19433,3;92;Extreme Greed
02-12-2020;19218,8;92;Extreme Greed
01-12-2020;18770,7;95;Extreme Greed
30-11-2020;19698,1;88;Extreme Greed
29-11-2020;18185,5;89;Extreme Greed
28-11-2020;17730,7;87;Extreme Greed
27-11-2020;17127,1;86;Extreme Greed
26-11-2020;17162,0;93;Extreme Greed
25-11-2020;18723,0;94;Extreme Greed
24-11-2020;19152,6;88;Extreme Greed
23-11-2020;18379,6;90;Extreme Greed
22-11-2020;18412,9;94;Extreme Greed
21-11-2020;18687,2;91;Extreme Greed
20-11-2020;18675,2;86;Extreme Greed
19-11-2020;17803,5;94;Extreme Greed
18-11-2020;17774,6;91;Extreme Greed
17-11-2020;17662,3;86;Extreme Greed
16-11-2020;16715,8;90;Extreme Greed
15-11-2020;15953,0;86;Extreme Greed
14-11-2020;16071,0;90;Extreme Greed
13-11-2020;16324,2;89;Extreme Greed
12-11-2020;16294,7;87;Extreme Greed
11-11-2020;15695,8;86;Extreme Greed
10-11-2020;15303,6;90;Extreme Greed
09-11-2020;15327,2;90;Extreme Greed
08-11-2020;15483,7;82;Extreme Greed
07-11-2020;14828,4;88;Extreme Greed
06-11-2020;15577,9;90;Extreme Greed
05-11-2020;15587,1;72;Greed
04-11-2020;14145,6;74;Greed
03-11-2020;14019,9;71;Greed
02-11-2020;13561,4;71;Greed
01-11-2020;13759,4;72;Greed
31-10-2020;13797,3;73;Greed
30-10-2020;13559,9;74;Greed
29-10-2020;13457,2;67;Greed
28-10-2020;13278,9;70;Greed
27-10-2020;13657,8;61;Greed
26-10-2020;13061,6;75;Greed
25-10-2020;13032,2;76;Extreme Greed
24-10-2020;13117,2;73;Greed
23-10-2020;12934,1;74;Greed
22-10-2020;12974,6;73;Greed
21-10-2020;12808,7;61;Greed
20-10-2020;11913,5;56;Greed
19-10-2020;11753,4;55;Greed
18-10-2020;11506,9;55;Greed
17-10-2020;11362,1;56;Greed
16-10-2020;11322,0;52;Neutral
15-10-2020;11503,0;56;Greed
14-10-2020;11420,4;53;Neutral
13-10-2020;11423,8;56;Greed
12-10-2020;11533,9;52;Neutral
11-10-2020;11371,0;55;Greed
10-10-2020;11298,4;53;Neutral
09-10-2020;11054,2;48;Neutral
08-10-2020;10924,1;46;Fear
07-10-2020;10670,9;43;Fear
06-10-2020;10602,6;47;Neutral
05-10-2020;10789,5;42;Fear
04-10-2020;10672,9;42;Fear
03-10-2020;10544,2;40;Fear
02-10-2020;10572,3;41;Fear
01-10-2020;10620,5;45;Fear
30-09-2020;10776,1;49;Neutral
29-09-2020;10840,9;45;Fear
28-09-2020;10693,2;43;Fear
27-09-2020;10776,2;47;Neutral
26-09-2020;10727,9;45;Fear
25-09-2020;10688,8;46;Fear
24-09-2020;10739,4;39;Fear
23-09-2020;10237,3;43;Fear
22-09-2020;10531,5;39;Fear
21-09-2020;10416,8;48;Neutral
20-09-2020;10921,5;52;Neutral
19-09-2020;11081,8;48;Neutral
18-09-2020;10933,0;49;Neutral
17-09-2020;10941,3;48;Neutral
16-09-2020;10949,5;43;Fear
15-09-2020;10785,3;47;Neutral
14-09-2020;10675,3;39;Fear
13-09-2020;10326,0;38;Fear
12-09-2020;10441,9;41;Fear
11-09-2020;10390,2;41;Fear
10-09-2020;10339,7;38;Fear
09-09-2020;10224,6;38;Fear
08-09-2020;10126,6;41;Fear
07-09-2020;10376,9;41;Fear
06-09-2020;10296,4;41;Fear
05-09-2020;10092,2;41;Fear
04-09-2020;10472,5;40;Fear
03-09-2020;10168,8;79;Extreme Greed
02-09-2020;11413,3;83;Extreme Greed
01-09-2020;11914,9;75;Greed
31-08-2020;11644,2;75;Greed
30-08-2020;11702,0;75;Greed
29-08-2020;11468,1;79;Extreme Greed
28-08-2020;11527,4;74;Greed
27-08-2020;11327,4;75;Greed
26-08-2020;11462,3;76;Extreme Greed
25-08-2020;11324,8;75;Greed
24-08-2020;11753,5;78;Extreme Greed
23-08-2020;11641,6;76;Extreme Greed
22-08-2020;11661,3;78;Extreme Greed
21-08-2020;11529,2;81;Extreme Greed
20-08-2020;11856,9;75;Greed
19-08-2020;11750,2;80;Extreme Greed
18-08-2020;11947,6;82;Extreme Greed
17-08-2020;12282,6;83;Extreme Greed
16-08-2020;11899,0;82;Extreme Greed
15-08-2020;11845,3;79;Extreme Greed
14-08-2020;11750,8;78;Extreme Greed
13-08-2020;11770,9;75;Greed
12-08-2020;11557,2;75;Greed
11-08-2020;11390,4;84;Extreme Greed
10-08-2020;11889,2;78;Extreme Greed
09-08-2020;11681,2;79;Extreme Greed
08-08-2020;11764,3;77;Extreme Greed
07-08-2020;11592,0;77;Extreme Greed
06-08-2020;11757,1;79;Extreme Greed
05-08-2020;11735,1;75;Greed
04-08-2020;11184,7;72;Greed
03-08-2020;11224,4;75;Greed
02-08-2020;11066,8;80;Extreme Greed
01-08-2020;11803,1;75;Greed
31-07-2020;11333,4;75;Greed
30-07-2020;11096,2;76;Extreme Greed
29-07-2020;11105,9;71;Greed
28-07-2020;10908,5;76;Extreme Greed
27-07-2020;11022,8;58;Greed
26-07-2020;9932,5;55;Greed
25-07-2020;9704,1;55;Greed
24-07-2020;9546,4;53;Neutral
23-07-2020;9599,6;55;Greed
22-07-2020;9513,7;50;Neutral
21-07-2020;9387,3;44;Fear
20-07-2020;9162,4;44;Fear
19-07-2020;9208,0;41;Fear
18-07-2020;9170,2;44;Fear
17-07-2020;9155,8;41;Fear
16-07-2020;9135,3;43;Fear
15-07-2020;9198,7;44;Fear
14-07-2020;9253,4;43;Fear
13-07-2020;9243,6;43;Fear
12-07-2020;9300,8;41;Fear
11-07-2020;9233,3;44;Fear
10-07-2020;9285,1;41;Fear
09-07-2020;9235,7;44;Fear
08-07-2020;9429,9;44;Fear
07-07-2020;9256,0;43;Fear
06-07-2020;9339,0;40;Fear
05-07-2020;9081,0;38;Fear
04-07-2020;9134,4;40;Fear
03-07-2020;9067,1;41;Fear
02-07-2020;9085,1;42;Fear
01-07-2020;9229,9;42;Fear
30-06-2020;9135,4;44;Fear
29-06-2020;9185,4;41;Fear
28-06-2020;9124,0;40;Fear
27-06-2020;9008,3;43;Fear
26-06-2020;9160,0;40;Fear
25-06-2020;9247,5;43;Fear
24-06-2020;9302,0;50;Neutral
23-06-2020;9624,6;41;Fear
22-06-2020;9683,7;38;Fear
21-06-2020;9296,4;37;Fear
20-06-2020;9358,8;38;Fear
19-06-2020;9314,0;39;Fear
18-06-2020;9388,1;40;Fear
17-06-2020;9464,6;38;Fear
16-06-2020;9523,5;39;Fear
15-06-2020;9425,4;37;Fear
14-06-2020;9345,3;40;Fear
13-06-2020;9471,3;38;Fear
12-06-2020;9466,6;38;Fear
11-06-2020;9283,2;52;Neutral
10-06-2020;9878,8;54;Neutral
09-06-2020;9768,8;52;Neutral
08-06-2020;9777,9;53;Neutral
07-06-2020;9742,6;54;Neutral
06-06-2020;9669,6;54;Neutral
05-06-2020;9631,2;53;Neutral
04-06-2020;9794,4;54;Neutral
03-06-2020;9667,2;48;Neutral
02-06-2020;9527,6;56;Greed
01-06-2020;10189,3;50;Neutral
31-05-2020;9454,8;51;Neutral
30-05-2020;9692,5;48;Neutral
29-05-2020;9424,8;48;Neutral
28-05-2020;9572,2;41;Fear
27-05-2020;9199,1;39;Fear
26-05-2020;8842,5;39;Fear
25-05-2020;8898,2;41;Fear
24-05-2020;8728,2;43;Fear
23-05-2020;9177,0;40;Fear
22-05-2020;9169,7;42;Fear
21-05-2020;9059,0;49;Neutral
20-05-2020;9512,3;52;Neutral
19-05-2020;9773,3;50;Neutral
18-05-2020;9730,7;50;Neutral
17-05-2020;9677,7;40;Fear
16-05-2020;9379,5;41;Fear
15-05-2020;9318,0;44;Fear
14-05-2020;9778,4;40;Fear
13-05-2020;9298,7;41;Fear
12-05-2020;8813,8;39;Fear
11-05-2020;8579,8;40;Fear
10-05-2020;8738,8;48;Neutral
09-05-2020;9554,6;56;Greed
08-05-2020;9806,2;55;Greed
07-05-2020;9979,8;49;Neutral
06-05-2020;9151,4;42;Fear
05-05-2020;9001,0;40;Fear
04-05-2020;8874,7;44;Fear
03-05-2020;8885,5;45;Fear
02-05-2020;8966,3;40;Fear
01-05-2020;8821,6;40;Fear
30-04-2020;8629,0;44;Fear
29-04-2020;8770,9;26;Fear
28-04-2020;7746,9;26;Fear
27-04-2020;7766,0;28;Fear
26-04-2020;7678,9;21;Extreme Fear
25-04-2020;7540,4;24;Extreme Fear
24-04-2020;7503,8;20;Extreme Fear
23-04-2020;7488,5;19;Extreme Fear
22-04-2020;7112,9;19;Extreme Fear
21-04-2020;6842,5;17;Extreme Fear
20-04-2020;6833,5;15;Extreme Fear
19-04-2020;7122,9;16;Extreme Fear
18-04-2020;7230,8;18;Extreme Fear
17-04-2020;7035,8;15;Extreme Fear
16-04-2020;7085,6;13;Extreme Fear
15-04-2020;6629,1;18;Extreme Fear
14-04-2020;6850,9;15;Extreme Fear
13-04-2020;6841,3;11;Extreme Fear
12-04-2020;6917,6;10;Extreme Fear
11-04-2020;6867,8;15;Extreme Fear
10-04-2020;6863,1;15;Extreme Fear
09-04-2020;7289,0;22;Extreme Fear
08-04-2020;7361,2;21;Extreme Fear
07-04-2020;7185,2;20;Extreme Fear
06-04-2020;7332,3;12;Extreme Fear
05-04-2020;6772,7;12;Extreme Fear
04-04-2020;6857,4;12;Extreme Fear
03-04-2020;6735,9;14;Extreme Fear
02-04-2020;6800,5;14;Extreme Fear
01-04-2020;6638,5;12;Extreme Fear
31-03-2020;6412,5;12;Extreme Fear
30-03-2020;6391,0;10;Extreme Fear
29-03-2020;5890,4;12;Extreme Fear
28-03-2020;6233,7;8;Extreme Fear
27-03-2020;6373,4;12;Extreme Fear
26-03-2020;6725,1;14;Extreme Fear
25-03-2020;6678,9;13;Extreme Fear
24-03-2020;6744,6;12;Extreme Fear
23-03-2020;6468,9;10;Extreme Fear
22-03-2020;5822,1;11;Extreme Fear
21-03-2020;6186,2;9;Extreme Fear
20-03-2020;6205,3;9;Extreme Fear
19-03-2020;6172,0;12;Extreme Fear
18-03-2020;5361,4;11;Extreme Fear
17-03-2020;5261,1;8;Extreme Fear
16-03-2020;5030,0;9;Extreme Fear
15-03-2020;5366,3;12;Extreme Fear
14-03-2020;5182,7;8;Extreme Fear
13-03-2020;5584,3;10;Extreme Fear
12-03-2020;4826,0;14;Extreme Fear
11-03-2020;7935,1;17;Extreme Fear
10-03-2020;7891,2;16;Extreme Fear
09-03-2020;7933,0;17;Extreme Fear
08-03-2020;8034,1;33;Fear
07-03-2020;8887,8;38;Fear
06-03-2020;9134,8;39;Fear
05-03-2020;9060,3;41;Fear
04-03-2020;8757,9;40;Fear
03-03-2020;8761,4;38;Fear
02-03-2020;8904,8;38;Fear
01-03-2020;8540,0;39;Fear
29-02-2020;8543,7;38;Fear
28-02-2020;8697,5;40;Fear
27-02-2020;8818,6;39;Fear
26-02-2020;8800,3;41;Fear
25-02-2020;9317,2;44;Fear
24-02-2020;9662,7;46;Fear
23-02-2020;9942,7;46;Fear
22-02-2020;9655,7;43;Fear
21-02-2020;9684,5;44;Fear
20-02-2020;9602,4;44;Fear
19-02-2020;9609,4;50;Neutral
18-02-2020;10158,4;53;Neutral
17-02-2020;9701,4;49;Neutral
16-02-2020;9932,3;59;Greed
15-02-2020;9907,7;64;Greed
14-02-2020;10333,0;63;Greed
13-02-2020;10235,1;65;Greed
12-02-2020;10317,7;61;Greed
11-02-2020;10229,5;52;Neutral
10-02-2020;9854,1;57;Greed
09-02-2020;10151,5;56;Greed
08-02-2020;9895,5;56;Greed
07-02-2020;9818,6;56;Greed
06-02-2020;9772,0;61;Greed
05-02-2020;9611,8;53;Neutral
04-02-2020;9193,9;56;Greed
03-02-2020;9296,6;59;Greed
02-02-2020;9334,9;57;Greed
01-02-2020;9381,6;57;Greed
31-01-2020;9349,1;55;Greed
30-01-2020;9507,3;57;Greed
29-01-2020;9298,9;57;Greed
28-01-2020;9377,3;54;Neutral
27-01-2020;8866,6;50;Neutral
26-01-2020;8607,8;42;Fear
25-01-2020;8341,6;41;Fear
24-01-2020;8439,9;40;Fear
23-01-2020;8405,1;49;Neutral
22-01-2020;8678,5;52;Neutral
21-01-2020;8732,6;49;Neutral
20-01-2020;8641,9;48;Neutral
19-01-2020;8706,2;53;Neutral
18-01-2020;8916,3;51;Neutral
17-01-2020;8913,1;54;Neutral
16-01-2020;8726,9;55;Greed
15-01-2020;8818,3;54;Neutral
14-01-2020;8829,2;56;Greed
13-01-2020;8111,4;49;Neutral
12-01-2020;8187,6;45;Fear
11-01-2020;8024,1;50;Neutral
10-01-2020;8187,1;41;Fear
09-01-2020;7842,4;44;Fear
08-01-2020;8059,6;51;Neutral
07-01-2020;8155,7;40;Fear
06-01-2020;7759,1;41;Fear
05-01-2020;7372,5;39;Fear
04-01-2020;7376,8;38;Fear
03-01-2020;7343,1;38;Fear
02-01-2020;6967,0;39;Fear
01-01-2020;7199,8;37;Fear
31-12-2019;7196,4;38;Fear
30-12-2019;7261,8;40;Fear
29-12-2019;7397,5;37;Fear
28-12-2019;7321,5;37;Fear
27-12-2019;7261,7;38;Fear
26-12-2019;7210,9;39;Fear
25-12-2019;7224,8;22;Extreme Fear
24-12-2019;7268,3;25;Extreme Fear
23-12-2019;7322,8;33;Fear
22-12-2019;7495,8;20;Extreme Fear
21-12-2019;7156,2;23;Extreme Fear
20-12-2019;7196,4;23;Extreme Fear
19-12-2019;7165,5;21;Extreme Fear
18-12-2019;7276,0;15;Extreme Fear
17-12-2019;6613,3;23;Extreme Fear
16-12-2019;6903,5;24;Extreme Fear
15-12-2019;7128,5;21;Extreme Fear
14-12-2019;7080,8;27;Fear
13-12-2019;7255,2;22;Extreme Fear
12-12-2019;7208,0;23;Extreme Fear
11-12-2019;7208,0;20;Extreme Fear
10-12-2019;7235,7;26;Fear
09-12-2019;7355,8;32;Fear
08-12-2019;7524,4;28;Fear
07-12-2019;7510,9;32;Fear
06-12-2019;7530,8;29;Fear
05-12-2019;7399,2;21;Extreme Fear
04-12-2019;7204,4;24;Extreme Fear
03-12-2019;7291,8;28;Fear
02-12-2019;7298,2;28;Fear
01-12-2019;7396,4;25;Extreme Fear
30-11-2019;7546,6;38;Fear
29-11-2019;7742,7;31;Fear
28-11-2019;7426,7;32;Fear
27-11-2019;7510,6;20;Extreme Fear
26-11-2019;7162,8;21;Extreme Fear
25-11-2019;7115,6;17;Extreme Fear
24-11-2019;6924,7;21;Extreme Fear
23-11-2019;7324,1;23;Extreme Fear
22-11-2019;7272,5;20;Extreme Fear
21-11-2019;7627,9;30;Fear
20-11-2019;8099,3;32;Fear
19-11-2019;8145,7;32;Fear
18-11-2019;8208,4;38;Fear
17-11-2019;8509,8;38;Fear
16-11-2019;8497,3;41;Fear
15-11-2019;8476,3;38;Fear
14-11-2019;8661,2;41;Fear
13-11-2019;8783,1;38;Fear
12-11-2019;8812,6;39;Fear
11-11-2019;8736,9;40;Fear
10-11-2019;9036,8;39;Fear
09-11-2019;8804,5;38;Fear
08-11-2019;8778,2;42;Fear
07-11-2019;9223,5;54;Neutral
06-11-2019;9338,9;53;Neutral
05-11-2019;9310,8;54;Neutral
04-11-2019;9396,4;49;Neutral
03-11-2019;9198,3;56;Greed
02-11-2019;9300,6;51;Neutral
01-11-2019;9230,1;49;Neutral
31-10-2019;9152,6;50;Neutral
30-10-2019;9157,9;53;Neutral
29-10-2019;9411,3;54;Neutral
28-10-2019;9207,2;52;Neutral
27-10-2019;9529,6;50;Neutral
26-10-2019;9230,6;53;Neutral
25-10-2019;8658,3;24;Extreme Fear
24-10-2019;7422,7;20;Extreme Fear
23-10-2019;7477,0;33;Fear
22-10-2019;8031,4;39;Fear
21-10-2019;8208,2;37;Fear
20-10-2019;8223,4;37;Fear
19-10-2019;7957,3;41;Fear
18-10-2019;7948,5;40;Fear
17-10-2019;8073,3;40;Fear
16-10-2019;8000,4;40;Fear
15-10-2019;8167,2;39;Fear
14-10-2019;8353,3;37;Fear
13-10-2019;8281,5;38;Fear
12-10-2019;8304,4;38;Fear
11-10-2019;8267,8;39;Fear
10-10-2019;8562,3;41;Fear
09-10-2019;8566,7;37;Fear
08-10-2019;8182,9;39;Fear
07-10-2019;8198,6;27;Fear
06-10-2019;7881,9;32;Fear
05-10-2019;8127,3;31;Fear
04-10-2019;8148,1;30;Fear
03-10-2019;8226,9;37;Fear
02-10-2019;8364,1;39;Fear
01-10-2019;8302,7;38;Fear
30-09-2019;8284,3;27;Fear
29-09-2019;8049,1;33;Fear
28-09-2019;8208,5;32;Fear
27-09-2019;8184,9;24;Extreme Fear
26-09-2019;8063,8;12;Extreme Fear
25-09-2019;8432,4;15;Extreme Fear
24-09-2019;8513,9;39;Fear
23-09-2019;9702,2;41;Fear
22-09-2019;10031,6;37;Fear
21-09-2019;9993,0;37;Fear
20-09-2019;10172,7;41;Fear
19-09-2019;10250,5;31;Fear
18-09-2019;10164,7;38;Fear
17-09-2019;10195,7;41;Fear
16-09-2019;10255,5;38;Fear
15-09-2019;10311,5;38;Fear
14-09-2019;10337,3;39;Fear
13-09-2019;10342,1;38;Fear
12-09-2019;10415,1;39;Fear
11-09-2019;10162,5;38;Fear
10-09-2019;10105,4;41;Fear
09-09-2019;10309,0;41;Fear
08-09-2019;10402,8;43;Fear
07-09-2019;10461,1;39;Fear
06-09-2019;10309,3;43;Fear
05-09-2019;10566,9;41;Fear
04-09-2019;10568,2;43;Fear
03-09-2019;10612,3;41;Fear
02-09-2019;10348,8;28;Fear
01-09-2019;9729,3;24;Extreme Fear
31-08-2019;9594,4;20;Extreme Fear
30-08-2019;9585,4;24;Extreme Fear
29-08-2019;9491,0;20;Extreme Fear
28-08-2019;9729,4;32;Fear
27-08-2019;10184,8;30;Fear
26-08-2019;10371,8;41;Fear
25-08-2019;10136,3;33;Fear
24-08-2019;10131,0;39;Fear
23-08-2019;10388,7;33;Fear
22-08-2019;10105,0;5;Extreme Fear
21-08-2019;10141,5;11;Extreme Fear
20-08-2019;10752,6;39;Fear
19-08-2019;10910,7;30;Fear
18-08-2019;10312,7;14;Extreme Fear
17-08-2019;10218,1;20;Extreme Fear
16-08-2019;10335,6;31;Fear
15-08-2019;10303,4;13;Extreme Fear
14-08-2019;10049,4;11;Extreme Fear
13-08-2019;10892,9;45;Fear
12-08-2019;11394,2;48;Neutral
11-08-2019;11517,2;45;Fear
10-08-2019;11314,5;59;Greed
09-08-2019;12089,8;60;Greed
08-08-2019;12191,6;61;Greed
07-08-2019;12013,9;45;Fear
06-08-2019;11480,9;66;Greed
05-08-2019;11816,8;64;Greed
04-08-2019;10934,6;62;Greed
03-08-2019;10815,7;61;Greed
02-08-2019;10520,1;61;Greed
01-08-2019;10380,0;57;Greed
31-07-2019;10082,0;31;Fear
30-07-2019;9580,7;22;Extreme Fear
29-07-2019;9580,9;19;Extreme Fear
28-07-2019;9727,8;16;Extreme Fear
27-07-2019;9492,1;47;Neutral
26-07-2019;9831,0;24;Extreme Fear
25-07-2019;9945,3;42;Fear
24-07-2019;9804,3;20;Extreme Fear
23-07-2019;9888,7;40;Fear
22-07-2019;10412,5;42;Fear
21-07-2019;10714,4;42;Fear
20-07-2019;10826,7;34;Fear
19-07-2019;10571,5;42;Fear
18-07-2019;10651,4;40;Fear
17-07-2019;9723,2;19;Extreme Fear
16-07-2019;9424,8;34;Fear
15-07-2019;10845,9;16;Extreme Fear
14-07-2019;10200,1;61;Greed
13-07-2019;11364,9;65;Greed
12-07-2019;11762,1;33;Fear
11-07-2019;11342,3;62;Greed
10-07-2019;12110,6;83;Extreme Greed
09-07-2019;12541,5;84;Extreme Greed
08-07-2019;12252,6;74;Greed
07-07-2019;11415,9;67;Greed
06-07-2019;11268,0;72;Greed
05-07-2019;10970,2;67;Greed
04-07-2019;11163,1;76;Extreme Greed
03-07-2019;11900,8;79;Extreme Greed
02-07-2019;10835,9;63;Greed
01-07-2019;10616,6;65;Greed
30-06-2019;10818,6;78;Extreme Greed
29-06-2019;11906,5;74;Greed
28-06-2019;12409,1;62;Greed
27-06-2019;11287,8;92;Extreme Greed
26-06-2019;13063,8;95;Extreme Greed
25-06-2019;11809,9;87;Extreme Greed
24-06-2019;11046,4;80;Extreme Greed
23-06-2019;10897,1;84;Extreme Greed
22-06-2019;10721,7;83;Extreme Greed
21-06-2019;10179,3;84;Extreme Greed
20-06-2019;9517,0;81;Extreme Greed
19-06-2019;9255,4;82;Extreme Greed
18-06-2019;9080,6;83;Extreme Greed
17-06-2019;9318,8;84;Extreme Greed
16-06-2019;8962,5;80;Extreme Greed
15-06-2019;8812,5;75;Greed
14-06-2019;8656,1;67;Greed
13-06-2019;8219,0;63;Greed
12-06-2019;8133,1;60;Greed
11-06-2019;7888,0;61;Greed
10-06-2019;7987,8;46;Fear
09-06-2019;7635,0;62;Greed
08-06-2019;7901,4;62;Greed
07-06-2019;7985,2;27;Fear
06-06-2019;7784,9;34;Fear
05-06-2019;7779,1;27;Fear
04-06-2019;7685,5;42;Fear
03-06-2019;8124,8;66;Greed
02-06-2019;8728,6;63;Greed
01-06-2019;8545,7;62;Greed
31-05-2019;8558,3;61;Greed
30-05-2019;8271,9;73;Greed
29-05-2019;8647,8;71;Greed
28-05-2019;8716,3;71;Greed
27-05-2019;8760,1;70;Greed
26-05-2019;8630,2;67;Greed
25-05-2019;8027,4;69;Greed
24-05-2019;7970,1;64;Greed
23-05-2019;7852,1;65;Greed
22-05-2019;7635,7;69;Greed
21-05-2019;7930,3;68;Greed
20-05-2019;7965,3;73;Greed
19-05-2019;8157,2;70;Greed
18-05-2019;7262,6;67;Greed
17-05-2019;7359,5;65;Greed
16-05-2019;7871,8;75;Greed
15-05-2019;8164,6;77;Extreme Greed
14-05-2019;7994,6;78;Extreme Greed
13-05-2019;7806,0;78;Extreme Greed
12-05-2019;6984,8;75;Greed
11-05-2019;7190,3;76;Extreme Greed
10-05-2019;6386,0;71;Greed
09-05-2019;6191,5;69;Greed
08-05-2019;5990,3;63;Greed
07-05-2019;5849,5;69;Greed
06-05-2019;5745,1;57;Greed
05-05-2019;5774,9;67;Greed
04-05-2019;5830,9;66;Greed
03-05-2019;5766,8;63;Greed
02-05-2019;5493,8;50;Neutral
01-05-2019;5384,2;51;Neutral
30-04-2019;5320,8;42;Fear
29-04-2019;5235,0;42;Fear
28-04-2019;5302,3;40;Fear
27-04-2019;5265,9;42;Fear
26-04-2019;5298,3;41;Fear
25-04-2019;5209,1;58;Greed
24-04-2019;5415,6;65;Greed
23-04-2019;5511,6;68;Greed
22-04-2019;5346,7;61;Greed
21-04-2019;5243,5;62;Greed
20-04-2019;5290,2;62;Greed
19-04-2019;5241,0;61;Greed
18-04-2019;5264,7;64;Greed
17-04-2019;5208,3;61;Greed
16-04-2019;5180,9;50;Neutral
15-04-2019;5032,3;60;Greed
14-04-2019;5134,8;51;Neutral
13-04-2019;5051,8;62;Greed
12-04-2019;5054,2;42;Fear
11-04-2019;5022,6;65;Greed
10-04-2019;5307,8;62;Greed
09-04-2019;5158,4;64;Greed
08-04-2019;5245,2;65;Greed
07-04-2019;5173,6;69;Greed
06-04-2019;5046,2;65;Greed
05-04-2019;5010,2;59;Greed
04-04-2019;4902,4;61;Greed
03-04-2019;4968,7;71;Greed
02-04-2019;4859,3;60;Greed
01-04-2019;4145,1;62;Greed
31-03-2019;4102,3;56;Greed
30-03-2019;4111,8;57;Greed
29-03-2019;4102,2;50;Neutral
28-03-2019;4025,6;49;Neutral
27-03-2019;4041,7;44;Fear
26-03-2019;3942,8;43;Fear
25-03-2019;3937,0;46;Fear
24-03-2019;3994,7;44;Fear
23-03-2019;4002,5;50;Neutral
22-03-2019;3990,4;56;Greed
21-03-2019;3982,2;62;Greed
20-03-2019;4041,2;55;Greed
19-03-2019;4017,0;56;Greed
18-03-2019;3990,2;56;Greed
17-03-2019;3981,5;58;Greed
16-03-2019;4006,4;54;Neutral
15-03-2019;3924,3;55;Greed
14-03-2019;3879,0;55;Greed
13-03-2019;3865,1;54;Neutral
12-03-2019;3886,0;56;Greed
11-03-2019;3870,3;56;Greed
10-03-2019;3915,2;55;Greed
09-03-2019;3944,3;55;Greed
08-03-2019;3865,9;54;Neutral
07-03-2019;3875,1;56;Greed
06-03-2019;3863,0;42;Fear
05-03-2019;3857,2;35;Fear
04-03-2019;3715,9;36;Fear
03-03-2019;3809,5;44;Fear
02-03-2019;3823,1;41;Fear
01-03-2019;3821,9;42;Fear
28-02-2019;3816,6;39;Fear
27-02-2019;3814,6;39;Fear
26-02-2019;3810,3;40;Fear
25-02-2019;3833,7;47;Neutral
24-02-2019;3755,2;69;Greed
23-02-2019;4120,4;63;Greed
22-02-2019;3965,2;61;Greed
21-02-2019;3936,6;59;Greed
20-02-2019;3972,4;59;Greed
19-02-2019;3914,3;65;Greed
18-02-2019;3896,0;63;Greed
17-02-2019;3664,2;38;Fear
16-02-2019;3616,8;43;Fear
15-02-2019;3604,7;43;Fear
14-02-2019;3592,6;48;Neutral
13-02-2019;3611,5;48;Neutral
12-02-2019;3632,0;38;Fear
11-02-2019;3631,8;46;Fear
10-02-2019;3679,0;40;Fear
09-02-2019;3661,4;42;Fear
08-02-2019;3661,7;37;Fear
07-02-2019;3397,7;18;Extreme Fear
06-02-2019;3404,3;14;Extreme Fear
05-02-2019;3468,4;21;Extreme Fear
04-02-2019;3462,8;27;Fear
03-02-2019;3459,1;19;Extreme Fear
02-02-2019;3502,5;22;Extreme Fear
01-02-2019;3467,9;23;Extreme Fear
31-01-2019;3437,2;17;Extreme Fear
30-01-2019;3460,0;22;Extreme Fear
29-01-2019;3414,8;21;Extreme Fear
28-01-2019;3442,8;35;Fear
27-01-2019;3555,6;39;Fear
26-01-2019;3570,9;41;Fear
25-01-2019;3572,0;35;Fear
24-01-2019;3574,3;37;Fear
23-01-2019;3561,5;33;Fear
22-01-2019;3580,1;27;Fear
21-01-2019;3536,7;30;Fear
20-01-2019;3542,3;35;Fear
19-01-2019;3677,8;31;Fear
18-01-2019;3605,6;29;Fear
17-01-2019;3626,4;28;Fear
16-01-2019;3588,0;24;Extreme Fear
15-01-2019;3571,3;27;Fear
14-01-2019;3638,1;16;Extreme Fear
13-01-2019;3490,2;21;Extreme Fear
12-01-2019;3597,2;22;Extreme Fear
11-01-2019;3616,5;19;Extreme Fear
10-01-2019;3603,7;37;Fear
09-01-2019;3978,0;42;Fear
08-01-2019;3971,0;39;Fear
07-01-2019;3985,9;39;Fear
06-01-2019;4004,1;31;Fear
05-01-2019;3785,4;36;Fear
04-01-2019;3802,7;48;Neutral
03-01-2019;3780,1;33;Fear
02-01-2019;3873,8;30;Fear
01-01-2019;3809,4;24;Extreme Fear
31-12-2018;3709,4;26;Fear
30-12-2018;3815,0;23;Extreme Fear
29-12-2018;3706,8;24;Extreme Fear
28-12-2018;3861,6;21;Extreme Fear
27-12-2018;3586,9;29;Fear
26-12-2018;3793,7;26;Fear
25-12-2018;3762,5;33;Fear
24-12-2018;4026,1;25;Extreme Fear
23-12-2018;3944,4;31;Fear
22-12-2018;3964,4;28;Fear
21-12-2018;3850,9;35;Fear
20-12-2018;4076,0;27;Fear
19-12-2018;3687,1;21;Extreme Fear
18-12-2018;3668,0;23;Extreme Fear
17-12-2018;3526,1;17;Extreme Fear
16-12-2018;3247,9;13;Extreme Fear
15-12-2018;3228,7;11;Extreme Fear
14-12-2018;3247,8;10;Extreme Fear
13-12-2018;3315,3;14;Extreme Fear
12-12-2018;3466,1;14;Extreme Fear
11-12-2018;3407,7;15;Extreme Fear
10-12-2018;3460,5;19;Extreme Fear
09-12-2018;3567,5;14;Extreme Fear
08-12-2018;3430,4;11;Extreme Fear
07-12-2018;3422,2;11;Extreme Fear
06-12-2018;3508,6;13;Extreme Fear
05-12-2018;3771,6;19;Extreme Fear
04-12-2018;3958,5;12;Extreme Fear
03-12-2018;3897,8;17;Extreme Fear
02-12-2018;4160,4;15;Extreme Fear
01-12-2018;4196,2;13;Extreme Fear
30-11-2018;4039,7;19;Extreme Fear
29-11-2018;4296,5;18;Extreme Fear
28-11-2018;4265,4;14;Extreme Fear
27-11-2018;3866,5;11;Extreme Fear
26-11-2018;3837,0;17;Extreme Fear
25-11-2018;4062,2;9;Extreme Fear
24-11-2018;3920,4;15;Extreme Fear
23-11-2018;4398,0;12;Extreme Fear
22-11-2018;4356,0;14;Extreme Fear
21-11-2018;4638,7;15;Extreme Fear
20-11-2018;4524,6;21;Extreme Fear
19-11-2018;4883,8;28;Fear
18-11-2018;5658,3;26;Fear
17-11-2018;5621,8;24;Extreme Fear
16-11-2018;5636,2;23;Extreme Fear
15-11-2018;5718,9;28;Fear
14-11-2018;5842,4;49;Neutral
13-11-2018;6429,2;56;Greed
12-11-2018;6435,0;52;Neutral
11-11-2018;6446,1;54;Neutral
10-11-2018;6427,1;52;Neutral
09-11-2018;6412,0;47;Neutral
08-11-2018;6474,0;51;Neutral
07-11-2018;6565,3;48;Neutral
06-11-2018;6502,8;42;Fear
05-11-2018;6459,7;42;Fear
04-11-2018;6478,2;41;Fear
03-11-2018;6386,2;36;Fear
02-11-2018;6424,7;36;Fear
01-11-2018;6400,5;29;Fear
31-10-2018;6365,9;32;Fear
30-10-2018;6325,7;31;Fear
29-10-2018;6335,0;34;Fear
28-10-2018;6486,1;35;Fear
27-10-2018;6494,2;33;Fear
26-10-2018;6510,0;29;Fear
25-10-2018;6507,0;25;Extreme Fear
24-10-2018;6530,7;23;Extreme Fear
23-10-2018;6528,7;24;Extreme Fear
22-10-2018;6555,8;27;Fear
21-10-2018;6583,0;21;Extreme Fear
20-10-2018;6572,2;21;Extreme Fear
19-10-2018;6512,0;24;Extreme Fear
18-10-2018;6574,1;26;Fear
17-10-2018;6686,6;23;Extreme Fear
16-10-2018;6705,3;24;Extreme Fear
15-10-2018;6699,8;20;Extreme Fear
14-10-2018;6326,8;18;Extreme Fear
13-10-2018;6321,7;15;Extreme Fear
12-10-2018;6291,3;13;Extreme Fear
11-10-2018;6239,1;19;Extreme Fear
10-10-2018;6618,0;28;Fear
09-10-2018;6650,8;31;Fear
08-10-2018;6669,6;26;Fear
07-10-2018;6611,0;29;Fear
06-10-2018;6596,3;34;Fear
05-10-2018;6639,1;37;Fear
04-10-2018;6584,2;29;Fear
03-10-2018;6507,8;36;Fear
02-10-2018;6549,9;33;Fear
01-10-2018;6608,2;35;Fear
30-09-2018;6635,2;34;Fear
29-09-2018;6603,9;37;Fear
28-09-2018;6636,0;42;Fear
27-09-2018;6689,2;42;Fear
26-09-2018;6468,1;37;Fear
25-09-2018;6445,1;37;Fear
24-09-2018;6584,1;43;Fear
23-09-2018;6704,1;38;Fear
22-09-2018;6729,6;35;Fear
21-09-2018;6766,7;31;Fear
20-09-2018;6489,2;24;Extreme Fear
19-09-2018;6390,4;24;Extreme Fear
18-09-2018;6342,0;21;Extreme Fear
17-09-2018;6251,9;25;Extreme Fear
16-09-2018;6500,2;28;Fear
15-09-2018;6519,0;24;Extreme Fear
14-09-2018;6483,7;23;Extreme Fear
13-09-2018;6482,9;20;Extreme Fear
12-09-2018;6338,0;14;Extreme Fear
11-09-2018;6293,9;18;Extreme Fear
10-09-2018;6321,0;15;Extreme Fear
09-09-2018;6238,5;13;Extreme Fear
08-09-2018;6184,3;18;Extreme Fear
07-09-2018;6390,9;17;Extreme Fear
06-09-2018;6514,0;14;Extreme Fear
05-09-2018;6706,8;17;Extreme Fear
04-09-2018;7377,5;26;Fear
03-09-2018;7264,2;19;Extreme Fear
02-09-2018;7293,9;18;Extreme Fear
01-09-2018;7189,6;21;Extreme Fear
31-08-2018;7033,8;17;Extreme Fear
30-08-2018;6993,7;22;Extreme Fear
29-08-2018;7029,1;19;Extreme Fear
28-08-2018;7074,6;19;Extreme Fear
27-08-2018;6897,6;18;Extreme Fear
26-08-2018;6712,7;19;Extreme Fear
25-08-2018;6734,8;22;Extreme Fear
24-08-2018;6680,4;19;Extreme Fear
23-08-2018;6521,2;18;Extreme Fear
22-08-2018;6359,6;21;Extreme Fear
21-08-2018;6482,2;19;Extreme Fear
20-08-2018;6268,1;26;Fear
19-08-2018;6481,5;27;Fear
18-08-2018;6379,1;24;Extreme Fear
17-08-2018;6581,7;19;Extreme Fear
16-08-2018;6306,7;21;Extreme Fear
15-08-2018;6256,9;18;Extreme Fear
14-08-2018;6190,2;16;Extreme Fear
13-08-2018;6255,3;21;Extreme Fear
12-08-2018;6313,0;18;Extreme Fear
11-08-2018;6231,6;18;Extreme Fear
10-08-2018;6152,3;21;Extreme Fear
09-08-2018;6538,8;19;Extreme Fear
08-08-2018;6283,6;23;Extreme Fear
07-08-2018;6724,9;25;Extreme Fear
06-08-2018;6943,6;25;Extreme Fear
05-08-2018;7027,1;23;Extreme Fear
04-08-2018;7014,3;31;Fear
03-08-2018;7419,0;36;Fear
02-08-2018;7535,6;39;Fear
01-08-2018;7606,4;39;Fear
31-07-2018;7729,4;48;Neutral
30-07-2018;8177,1;53;Neutral
29-07-2018;8215,6;54;Neutral
28-07-2018;8234,1;54;Neutral
27-07-2018;8187,4;47;Neutral
26-07-2018;7937,0;53;Neutral
25-07-2018;8173,7;54;Neutral
24-07-2018;8407,0;49;Neutral
23-07-2018;7723,0;44;Fear
22-07-2018;7412,3;46;Fear
21-07-2018;7408,7;43;Fear
20-07-2018;7339,4;47;Neutral
19-07-2018;7477,5;44;Fear
18-07-2018;7383,6;42;Fear
17-07-2018;7322,0;39;Fear
16-07-2018;6729,9;36;Fear
15-07-2018;6362,9;32;Fear
14-07-2018;6254,8;29;Fear
13-07-2018;6230,2;29;Fear
12-07-2018;6250,6;33;Fear
11-07-2018;6389,1;29;Fear
10-07-2018;6307,2;37;Fear
09-07-2018;6667,1;39;Fear
08-07-2018;6714,8;38;Fear
07-07-2018;6765,5;34;Fear
06-07-2018;6617,7;34;Fear
05-07-2018;6546,5;37;Fear
04-07-2018;6598,4;33;Fear
03-07-2018;6513,5;31;Fear
02-07-2018;6619,5;27;Fear
01-07-2018;6366,8;27;Fear
30-06-2018;6398,9;22;Extreme Fear
29-06-2018;6213,3;16;Extreme Fear
28-06-2018;5883,5;20;Extreme Fear
27-06-2018;6154,9;18;Extreme Fear
26-06-2018;6082,1;21;Extreme Fear
25-06-2018;6256,6;16;Extreme Fear
24-06-2018;6154,6;15;Extreme Fear
23-06-2018;6167,3;17;Extreme Fear
22-06-2018;6055,7;28;Fear
21-06-2018;6728,0;37;Fear
20-06-2018;6765,4;34;Fear
19-06-2018;6752,4;32;Fear
18-06-2018;6719,8;27;Fear
17-06-2018;6460,3;23;Extreme Fear
16-06-2018;6505,8;22;Extreme Fear
15-06-2018;6410,3;26;Fear
14-06-2018;6647,1;17;Extreme Fear
13-06-2018;6312,3;19;Extreme Fear
12-06-2018;6558,2;19;Extreme Fear
11-06-2018;6885,9;15;Extreme Fear
10-06-2018;6775,1;24;Extreme Fear
09-06-2018;7515,8;39;Fear
08-06-2018;7622,1;40;Fear
07-06-2018;7697,8;38;Fear
06-06-2018;7661,0;42;Fear
05-06-2018;7631,5;26;Fear
04-06-2018;7504,3;41;Fear
03-06-2018;7729,3;40;Fear
02-06-2018;7646,6;27;Fear
01-06-2018;7530,8;24;Extreme Fear
31-05-2018;7502,6;25;Extreme Fear
30-05-2018;7400,1;38;Fear
29-05-2018;7467,7;16;Extreme Fear
28-05-2018;7119,3;22;Extreme Fear
27-05-2018;7366,7;19;Extreme Fear
26-05-2018;7361,3;23;Extreme Fear
25-05-2018;7477,7;25;Extreme Fear
24-05-2018;7592,9;27;Fear
23-05-2018;7512,3;26;Fear
22-05-2018;8006,0;30;Fear
21-05-2018;8403,3;41;Fear
20-05-2018;8529,0;32;Fear
19-05-2018;8245,1;31;Fear
18-05-2018;8245,7;37;Fear
17-05-2018;8063,0;31;Fear
16-05-2018;8344,4;32;Fear
15-05-2018;8477,0;40;Fear
14-05-2018;8674,1;40;Fear
13-05-2018;8693,5;40;Fear
12-05-2018;8459,5;44;Fear
11-05-2018;8408,3;41;Fear
10-05-2018;9025,7;63;Greed
09-05-2018;9319,1;53;Neutral
08-05-2018;9196,4;62;Greed
07-05-2018;9431,6;56;Greed
06-05-2018;9656,4;67;Greed
05-05-2018;9853,5;63;Greed
04-05-2018;9708,6;56;Greed
03-05-2018;9749,7;55;Greed
02-05-2018;9243,2;52;Neutral
01-05-2018;9074,9;56;Greed
30-04-2018;9245,1;59;Greed
29-04-2018;9415,1;61;Greed
28-04-2018;9352,4;54;Neutral
27-04-2018;8940,9;55;Greed
26-04-2018;9287,0;47;Neutral
25-04-2018;8873,1;64;Greed
24-04-2018;9645,3;29;Fear
23-04-2018;8952,8;28;Fear
22-04-2018;8806,7;31;Fear
21-04-2018;8923,1;32;Fear
20-04-2018;8867,0;26;Fear
19-04-2018;8290,8;25;Extreme Fear
18-04-2018;8178,4;24;Extreme Fear
17-04-2018;7908,6;26;Fear
16-04-2018;8070,0;23;Extreme Fear
15-04-2018;8363,6;18;Extreme Fear
14-04-2018;8004,4;20;Extreme Fear
13-04-2018;7887,4;18;Extreme Fear
12-04-2018;7926,6;21;Extreme Fear
11-04-2018;6962,1;17;Extreme Fear
10-04-2018;6854,8;20;Extreme Fear
09-04-2018;6781,9;19;Extreme Fear
08-04-2018;7030,5;17;Extreme Fear
07-04-2018;6905,7;22;Extreme Fear
06-04-2018;6624,3;22;Extreme Fear
05-04-2018;6782,0;11;Extreme Fear
04-04-2018;6808,9;16;Extreme Fear
03-04-2018;7424,2;16;Extreme Fear
02-04-2018;7068,4;12;Extreme Fear
01-04-2018;6825,2;18;Extreme Fear
31-03-2018;6938,2;24;Extreme Fear
30-03-2018;6853,7;24;Extreme Fear
29-03-2018;7129,2;31;Fear
28-03-2018;7954,9;30;Fear
27-03-2018;7801,7;32;Fear
26-03-2018;8143,5;28;Fear
25-03-2018;8473,2;36;Fear
24-03-2018;8547,4;36;Fear
23-03-2018;8916,8;37;Fear
22-03-2018;8726,2;29;Fear
21-03-2018;8905,9;29;Fear
20-03-2018;8912,6;31;Fear
19-03-2018;8616,8;33;Fear
18-03-2018;8201,2;32;Fear
17-03-2018;7874,9;40;Fear
16-03-2018;8289,2;41;Fear
15-03-2018;8264,4;41;Fear
14-03-2018;8210,6;40;Fear
13-03-2018;9154,9;39;Fear
12-03-2018;9137,4;37;Fear
11-03-2018;9529,6;39;Fear
10-03-2018;8762,0;37;Fear
09-03-2018;9217,0;59;Greed
08-03-2018;9300,0;55;Greed
07-03-2018;9902,9;44;Fear
06-03-2018;10675,1;56;Greed
05-03-2018;11330,6;47;Neutral
04-03-2018;11416,5;38;Fear
03-03-2018;11402,3;41;Fear
02-03-2018;10827,7;44;Fear
01-03-2018;10904,5;37;Fear
28-02-2018;10333,9;33;Fear
27-02-2018;10594,4;31;Fear
26-02-2018;10285,1;39;Fear
25-02-2018;9585,2;44;Fear
24-02-2018;9704,3;54;Neutral
23-02-2018;10170,4;74;Greed
22-02-2018;9841,7;67;Greed
21-02-2018;10473,0;63;Greed
20-02-2018;11238,7;74;Greed
19-02-2018;11169,4;67;Greed
18-02-2018;10398,8;71;Greed
17-02-2018;11073,5;55;Greed
16-02-2018;10178,7;35;Fear
15-02-2018;10037,3;42;Fear
14-02-2018;9476,3;31;Fear
13-02-2018;8539,2;54;Neutral
12-02-2018;8903,5;44;Fear
11-02-2018;8081,9;30;Fear
10-02-2018;8559,6;36;Fear
09-02-2018;8699,8;8;Extreme Fear
08-02-2018;8164,2;11;Extreme Fear
07-02-2018;7594,7;24;Extreme Fear
06-02-2018;7701,2;40;Fear
05-02-2018;6938,5;15;Extreme Fear
04-02-2018;8222,2;30;Fear
03-02-2018;9241,1;;
02-02-2018;8893,2;;
01-02-2018;9181,1;;
